Plant ID,Avg Wind Speed (m/s),Solar Irradiance (kW/m^2),Water Flow Rate (L/s),CO2 Emissions (kg),Energy Generated (MW),Temperature (Â°C),Humidity (%),Source Type
P1000,6.490142459033698,4.852355095063283,211.94843492688017,104.48527533166464,72.99286900102473,27.853064986097657,77.31181606388355,Thermal
P1001,4.585207096486446,6.818833280940261,173.9706946330215,11.416999857002658,94.2192531713793,29.840923302664304,88.84970445595641,Thermal
P1002,6.9430656143020775,0.20286485236171758,104.77042959361393,0.0,68.30320316000154,23.343458084083387,38.17695872652898,Thermal
P1003,9.569089569224076,4.125938473381142,48.24505778355409,49.76378798123336,87.68153881443838,21.938816327461247,87.88065429585839,Thermal
P1004,4.297539875829992,1.6987148617563461,155.8578650890872,38.08707642325501,24.25541332184858,19.574247367211008,50.18637088540905,Thermal
P1005,4.297589129152458,2.025749232470608,131.47883083373998,18.274036547090738,108.53174829491755,20.872947350105225,44.326315671962824,Thermal
P1006,9.737638446522174,1.8152121515222617,171.61545760221858,98.74712132197007,100.04821901448896,39.745472126543625,23.52446688785473,Thermal
P1007,7.302304187458726,1.272018460640368,150.81374413455757,116.87136459993575,67.31645475727237,31.22339790368393,23.693568050172182,Thermal
P1008,3.5915768421951437,3.097043255889654,183.9642172255468,56.188482040429314,126.3698267372962,18.244628168959892,68.44078791626583,Thermal
P1009,6.627680130757894,1.3380997671779244,57.181183075154564,153.4271056738683,137.50280550506233,18.38771021628215,52.05502961038195,Thermal
P1010,3.6097469215626132,3.5409136515596775,205.39152525074604,0.0,35.697605425241036,27.40933030859246,35.8565138225274,Thermal
P1011,3.6028107392892297,2.8995237811017263,115.80796837539197,36.44383785041973,69.49100885735143,27.736323986889836,62.97792144276629,Thermal
P1012,5.725886814698102,2.5221039062671804,266.0208698100212,0.0,69.23430600850807,27.744419176586824,37.70006827750778,Thermal
P1013,0.0,1.1848726759168042,44.86497455283457,0.0,62.40387595564541,23.72522103223151,60.43422280410958,Thermal
P1014,0.0,1.8464573388633345,238.87710425321995,44.212351991011055,133.17899367726994,24.372728699985498,45.14461228878832,Thermal
P1015,3.313137412277082,4.510782451651512,115.83286267701182,41.47767441317015,92.24695444908787,26.639397620796785,77.64865586282733,Thermal
P1016,1.9615066389967284,4.0018343752487615,47.88655971084413,155.9414820269492,89.41940634757557,25.429465031466652,77.44873125367455,Thermal
P1017,5.942741997785822,1.044889510402898,61.28913327565427,94.15681791883443,20.0,13.903498136262325,53.41452786856809,Thermal
P1018,2.275927773436367,3.1986646108584518,74.37221534445439,0.0,125.41672120836905,23.85100184712403,44.55733765345109,Thermal
P1019,0.7630888959941258,4.502774246743578,133.93327571215332,179.7864796433932,50.4296642058611,20.742967828698433,45.37918575913662,Thermal
P1020,9.396946306764661,0.0,141.82683904283996,135.4723586867747,102.39730521065313,25.87605709454256,76.40001679677525,Thermal
P1021,4.322671098540393,4.08672038475987,54.10399968491368,90.7468392428031,111.09507751832767,39.926295013017054,42.97256379583284,Thermal
P1022,5.202584614063771,1.6747524821083066,98.05163261912138,34.14611308051177,154.42634383354604,26.83740832737152,34.63415615947922,Thermal
P1023,0.7257554413596292,4.141197337186319,271.3816286889491,0.0,47.64718403523552,23.43235156913801,25.928183931271477,Thermal
P1024,3.366851826424452,1.4734816869149663,238.20345360805692,23.94552567502629,20.0,29.60900750988626,52.66851846190859,Thermal
P1025,5.332767769129598,0.0,134.90589357392258,126.21240337929302,107.3539817901478,27.413439436046062,53.749246924388935,Thermal
P1026,1.5470192677330914,0.0,103.04027825345602,181.92104141542262,172.02044726043414,27.100472452259208,78.8636097282035,Thermal
P1027,6.127094055037016,3.096169893322764,109.6025061374609,158.02704697905324,149.5578541175775,28.034252966078355,35.48670875122448,Thermal
P1028,3.198083930243585,3.519445003442964,149.08143781843333,15.780540474960816,108.38637661098502,35.28271782414771,46.66938915678799,Thermal
P1029,4.12491875062017,1.1913667497911828,18.17659478412756,0.0,80.3345525747181,19.34555782337042,76.58840172255836,Thermal
P1030,3.1948801633118094,4.277184917554748,79.40987700613239,59.862037283784275,132.28490386549242,27.368160384057273,77.65365275242814,Thermal
P1031,10.556834553526812,0.0,0.0,0.0,61.05815201182126,20.368094350092306,46.92277531851377,Wind
P1032,4.9595083257861985,2.867840402705367,131.93784980842236,72.6217399929347,119.05431077424876,27.77756323171124,52.138681630067666,Thermal
P1033,1.826867213132299,0.5779676004750867,151.7756751762193,39.667818959093196,120.21880636666508,20.40656744256953,41.2300123594498,Thermal
P1034,7.4676347363095665,1.6963277843956817,61.34508301605008,17.37744486922304,142.4083962999552,22.91316593197458,85.27884148935185,Thermal
P1035,1.3374690500869333,3.094797342632828,225.91894106320262,0.0,210.3864015564431,23.524550428810468,28.30506360191062,Thermal
P1036,5.626590785014266,1.2791732694320952,1.938746959812704,85.95200745988015,115.69663868715068,29.879083596723547,85.3624596101029,Thermal
P1037,0.0,2.230888911540349,0.0,12.710941223666204,79.64145497170006,29.59227221971207,67.87065162847404,Thermal
P1038,1.0154418533047087,5.012585618428881,117.95614548479776,0.0,98.97702751232022,18.771413117768077,57.210050688071185,Thermal
P1039,5.590583707607371,1.8462162609537025,183.76786420897236,0.0,29.236963804435277,25.274670554999243,22.28613425491471,Thermal
P1040,7.215399739986231,4.671384224130284,234.7142153166295,48.073956646455464,72.21147475643767,21.452100726254137,53.29173342754058,Thermal
P1041,5.514104843569911,0.7405862906847638,63.289258970484795,174.05761176688208,83.62870247547585,18.707475446623327,48.542367350191256,Thermal
P1042,4.653055152835279,4.059608355830566,186.29446667450367,166.28814501835092,79.0364640826163,23.914914747878147,31.28531683825858,Thermal
P1043,4.096688913232134,5.883137241315801,96.91932243994343,18.003262038960973,106.09419488134888,23.457586057720903,65.94867224504598,Thermal
P1044,0.5644340288977183,0.0,86.18981600473442,7.845155774675362,67.10320270471198,37.13358243172761,87.98056351578,Thermal
P1045,2.840467374815874,1.4062094890590464,170.69279499893378,82.81419792525166,144.84122669297886,27.16479912680348,59.35321677451676,Thermal
P1046,3.618083687120637,4.15414425436108,152.18583027307358,0.0,100.00828259672788,18.111912496228815,70.0327293510762,Thermal
P1047,8.171366678656748,2.593909227914015,0.0,71.12543298736261,99.62798715445543,22.176129979145287,24.791531679621173,Thermal
P1048,6.030854868705385,3.7422917467426178,218.12322797807167,103.62561948692831,86.88421133948329,30.106916477146992,49.23668970718963,Thermal
P1049,0.0,1.7920296265683588,210.40730833179612,135.8853256719015,106.20762735435916,35.442213864349625,28.14509396151471,Thermal
P1050,5.972251908184385,3.1731795749457996,49.954983879237645,42.989214646403305,133.0039305867054,17.070083438810208,62.89570848755573,Thermal
P1051,3.8447531587510504,2.688645529215841,131.66428267499273,35.74283748761239,65.31479137156398,15.600378074304775,85.69375107499083,Thermal
P1052,2.9692339990821237,5.335564123319615,139.52241490261912,0.0,73.67534043698973,34.35482587685891,66.3244412730147,Thermal
P1053,6.835028866522604,3.5088416866024263,120.85390126591257,0.0,87.85095884893342,26.94807088685452,25.376213382009507,Thermal
P1054,8.092998567487854,3.6752053241504044,55.97558769236639,34.146477566893125,46.165163061071404,20.65853634061817,44.8266343489558,Thermal
P1055,7.7938403573485955,2.1762460677550655,46.27013056495588,75.71558547713246,67.2296856111401,27.673145430612177,58.546436560859604,Thermal
P1056,2.4823474303320845,2.024787551855013,97.95567432068438,113.95092383632746,80.95116505821363,11.82126130491561,48.224542929327654,Thermal
P1057,4.072362872446356,2.134883624360758,193.81832154074917,0.0,134.9755672285091,25.016877532985806,78.35508073326207,Thermal
P1058,5.993790294210692,3.788904284756594,143.48801236755457,154.4881998271665,110.502453160077,26.639105864215427,77.02697032969925,Thermal
P1059,7.926635381367078,2.158031038359474,70.35085343311152,31.021347927020187,107.74359645470177,29.62135069768915,62.8281714072255,Thermal
P1060,3.56247728646413,3.579549713792826,161.73589685186758,48.50428939560947,134.03591848671888,19.930520238537312,46.14205615928937,Thermal
P1061,4.4430230700085485,7.150801597290878,0.0,0.0,94.50512846402414,25.428435807016797,37.87354616342709,Thermal
P1062,1.6809950779819154,4.742249406863385,191.90125602976826,0.0,115.61859399715559,20.37287686970206,27.411202274919052,Thermal
P1063,1.4113801277579876,2.347952935664318,0.0,111.88317774527349,95.87112988270015,26.276918778371584,44.84283784405878,Thermal
P1064,7.437577467182594,5.40242784432789,71.00472468774943,101.57907279647034,110.61449397598514,20.52326838818488,48.92207620454037,Thermal
P1065,9.068720085712469,2.183849253956897,10.426408429908491,30.307071001725063,76.68965369553672,22.959495804198898,67.30760475728516,Thermal
P1066,4.783969635258998,0.0,0.0,54.689350205741036,20.0,20.020923026048855,66.07118770083014,Thermal
P1067,8.010598693676073,0.9838273781651918,192.86614299028156,86.11574523928695,94.62883351254783,28.255681209118286,24.907569774887985,Thermal
P1068,6.084908075142902,0.0,62.58390389504869,0.0,156.90992544399762,29.29225558328333,47.668152080181045,Thermal
P1069,3.0646407361846273,2.296973031917383,127.72031053845726,12.966312585759361,137.0486160896637,23.826897150212933,32.72452070521533,Thermal
P1070,6.084186816525242,3.0368367583791036,96.24635368966527,105.59852757352789,138.61589938364682,25.191189974800142,30.976889372176398,Thermal
P1071,9.614109699397908,6.352874624550566,138.16326617784972,0.0,149.44522887224872,17.75704292683228,77.91115048160722,Thermal
P1072,4.892521882670145,3.6538547475283254,106.14575128482043,70.54905525166404,103.5463036384575,23.501616759966065,22.934065170138027,Thermal
P1073,9.693930967442018,2.5617989423822713,0.0,0.0,107.89262829622382,24.748976914791275,49.34280131314849,Thermal
P1074,0.0,4.658811162366979,179.70134555577118,82.65009877034684,75.293924182626,38.103965455149876,31.774255903656275,Thermal
P1075,7.465707513125672,0.0,60.499473347095,47.50509623917615,87.357085758918,19.440164871129184,81.55311509749319,Thermal
P1076,5.261141204714514,3.471229116217132,0.0,0.0,124.63084599084567,32.320886193762185,58.99283592925246,Thermal
P1077,4.102977948602398,4.541730387773933,65.75078712272699,131.531754812002,148.15537748675266,29.98429386732904,36.19664454637936,Thermal
P1078,5.275282329606507,0.04282750844031691,220.06078325074486,0.0,94.42214897276001,26.403182022450682,55.16991010164635,Thermal
P1079,0.0,5.287508086413858,168.01773936907944,0.0,81.99242940594354,33.79310242097567,71.2040451792181,Thermal
P1080,4.340984336487464,3.6769928149888282,72.10782924737126,64.039843806166,100.02111835426389,26.860527363034315,87.06826062436036,Thermal
P1081,6.07133771453524,2.1694241721983976,72.0593836545257,130.40461446001007,124.04826995716459,26.945795978339643,35.43122029717932,Thermal
P1082,9.433682134224547,4.26556373221257,74.2691959026094,0.0,42.245807354658325,24.734396734912274,82.03272404905417,Thermal
P1083,3.445189345179058,7.541385715608792,266.1398386848673,54.317589489358014,20.0,31.117844412093138,85.40128799172432,Thermal
P1084,2.5745191913204373,3.36373251011699,130.55483617852428,80.0171550231401,77.97852602033666,30.482346169054416,84.14943811724464,Thermal
P1085,3.4947288692463903,3.4964411726006723,134.40333177528558,98.51739250842009,51.17150296343365,21.871613562518938,64.47900498033368,Thermal
P1086,7.746206353106222,2.081278200919512,182.42267632254737,62.350908869405764,79.67439209410756,18.40376402700616,64.08744581042953,Thermal
P1087,5.986253328979053,1.3003112610704164,119.10313272212107,24.30805126416744,94.08878724730114,23.985096813021716,48.22474432286759,Thermal
P1088,3.4107193886988836,4.660671633088491,79.27662833434376,0.0,81.87006363907946,20.999807178011768,72.66785176126515,Thermal
P1089,6.539802299340068,1.2878323481822656,84.29201207320173,56.03007181324623,158.09870137882982,24.682377126923225,57.19058128456523,Thermal
P1090,5.291232648044121,3.1431324744387847,94.27189924687488,0.0,113.0697905840928,31.187190673420695,67.42066498598061,Thermal
P1091,7.9059349715986675,2.0446851064697666,97.02222107921267,0.0,112.01897438443314,22.71349172456605,49.99205326941568,Thermal
P1092,2.893840718367943,3.957959651492784,158.2103634909584,80.55918629103675,124.88828576173609,24.785883093442127,71.20475248301973,Thermal
P1093,4.017013560206696,3.667324210573897,104.15567086458395,113.27543887603366,54.446675288769235,25.290113674041976,77.71300623231843,Thermal
P1094,3.823675540603527,5.075079888515798,158.61120617724634,0.0,141.56447149681074,29.242154411026423,30.25053796219713,Thermal
P1095,0.6094551556036443,1.979967202290506,93.54267359131342,0.0,96.96942853858161,13.765553330076974,78.30508009019596,Thermal
P1096,5.888360831193728,2.4602501294132573,106.29081522528725,93.34079827036385,126.81922468964851,21.966498526173517,57.82075722532151,Thermal
P1097,5.783165816539668,1.0424725684353853,0.0,194.0246828798189,57.12571067839378,26.056418461397364,79.12661363631571,Thermal
P1098,5.015340369927383,2.111413479847777,173.30621397619853,51.45555953727855,37.84964935935743,31.000394782134308,50.191119443871024,Thermal
P1099,4.29623859987456,3.7546009860897045,127.71907807183942,0.0,132.71558632100115,22.540487762468974,46.532833976812455,Thermal
P1100,0.7538877738487573,4.513977233290704,179.84080878877216,37.19724912266119,115.05638104390067,15.61723646979063,84.05425127620558,Thermal
P1101,3.7380640317039227,1.1556693516447492,0.0,146.24134934037295,63.91793782569958,28.098557229830682,37.581848728388096,Thermal
P1102,3.9718564504196916,4.73921184021132,267.0699763824582,4.782507461282528,65.21347674901222,21.823188055871853,79.09486277003002,Thermal
P1103,2.5931681923351433,5.711275717609902,88.8328297475861,0.0,145.01739137659078,19.051666704548193,53.88144007565829,Thermal
P1104,4.516142865001973,3.8268698064474016,188.6546253390013,16.20795344725773,52.42352428530688,21.87827305143388,55.98668097858818,Thermal
P1105,6.212152570443616,6.753591625116131,16.807525829957527,0.0,165.70691813023853,24.07737321172075,41.59277970426388,Thermal
P1106,10.65855770363159,1.452421601792854,149.02191240500557,58.58692211963569,63.97517061408525,21.976276677308938,60.1129540433311,Thermal
P1107,5.523733438495517,0.5106905933771659,15.726754946107505,163.72749209286923,125.53567702433531,13.972169714504654,42.76478373933479,Thermal
P1108,5.772651172168294,0.0,50.09848314433559,72.61554911812203,86.85526097004062,29.485330984435663,22.74885899691566,Thermal
P1109,4.776662252701499,5.9920886229783665,253.1225083093429,32.33525485115987,124.12749724329373,31.374375206393612,39.039902374104926,Thermal
P1110,0.0,4.308731312708115,84.74540793893227,29.573211175911915,78.2354399154323,28.25760995669753,20.446533038461347,Thermal
P1111,4.920458373652349,2.88883065817909,117.39462985437783,0.0,93.48828375710823,19.311571647875915,88.48483509397997,Thermal
P1112,5.180690629823079,3.5599372526396404,169.60541845510033,111.81768440030113,101.63676701582885,23.99254233026241,87.60230468738233,Thermal
P1113,12.389726337455858,0.749021905403247,139.65455103780837,44.55139620910386,59.912501768741095,24.96739342385271,47.66087082306135,Thermal
P1114,4.422917105656633,7.891503959233653,112.03351241148611,37.3664060486562,129.63297381680502,27.993971947809552,70.98595980377522,Thermal
P1115,5.904642027000837,3.258442363950455,129.19688019729804,273.5175297491403,79.47145734113658,28.341702443590403,44.20642688872975,Thermal
P1116,4.89586469088427,3.218789589209786,292.273246819062,70.91270358559804,90.85600338639925,21.32913100610752,66.97652099601832,Thermal
P1117,1.493965887141404,4.451533247797384,95.39049623731317,0.0,60.22602501565951,25.409977782067802,76.38010301321853,Thermal
P1118,8.42846844354506,3.9620184634734263,116.0879237371974,20.15496826561197,20.0,27.286402023076207,86.27293712845685,Thermal
P1119,7.255799098060322,3.4477680485582627,184.05235168060898,130.39119964377284,92.35888949599324,32.279111610733835,48.01485930947704,Thermal
P1120,7.373095841129141,1.4190510891093762,188.44207463663872,57.92892873764351,196.50461686451663,28.522532699123616,74.83085880692335,Thermal
P1121,2.2718376356157832,3.9429367142719913,194.96242444483042,0.0,131.38417151592097,28.945283436877595,38.61499154424831,Thermal
P1122,9.208382932808298,6.764048992950068,151.09841776233478,114.34602542026424,99.22958481062422,25.419133139646803,89.32326126555539,Thermal
P1123,0.7944468116231569,5.690840092309955,8.559606981561316,3.22991401227042,89.48436683166929,32.05229572601752,21.80387191350458,Solar
P1124,6.760571281400811,6.186373253278794,230.67452258408767,181.13084433522818,100.89863571248185,27.048813979797487,62.247016455078466,Thermal
P1125,11.571366877429936,1.9775686471376297,8.292368558504961,125.6033646000254,121.8847646070084,20.694560449132148,66.16541871559289,Thermal
P1126,2.028391024607935,1.0207903594828382,124.21083721912265,18.687467303887416,52.767487387646206,32.01684985062595,68.16318899518902,Thermal
P1127,3.3011068111916844,2.7484261598007036,39.65793199845137,139.6711453214579,144.5728677867549,28.489516362695138,28.42713051523623,Thermal
P1128,5.298954095262924,3.1114498245773894,94.8689322725606,54.74988573691823,128.61525261764976,22.784779894357587,85.69708484311913,Thermal
P1129,3.4895730376514025,5.188383036941897,126.30099282427844,109.69415725855536,128.72742902831737,22.602535163003783,32.682829533505796,Thermal
P1130,0.3480097068016015,0.0,125.70857723602185,83.93129721061322,117.5390295523891,26.48287772570381,63.592738226788875,Thermal
P1131,5.205688924418082,6.059100638921228,133.75366033882278,0.0,100.7846663077596,27.315923976337924,35.58732553861594,Thermal
P1132,1.8130888588216854,2.683984202842021,229.09690152469176,4.951511737777658,126.91444943867279,25.986461328156032,41.50514919148896,Hydro
P1133,6.420777291905544,2.1462378601051597,136.28274412111838,122.09725723068128,123.67256534965512,26.556543367214424,58.25209792096871,Thermal
P1134,2.2417272972985907,0.975791249479665,80.4674691767481,26.56572675254214,85.83837156235904,33.4997868728819,49.20353929952036,Thermal
P1135,9.649803215052618,0.0,177.12697346306857,21.74460757306023,77.05592908412396,30.35771576117443,31.21579206835544,Thermal
P1136,2.650240122991289,4.646341167923829,195.15763911397124,0.0,104.07425181047947,25.95317795632512,31.96554816945938,Thermal
P1137,4.033815451382973,3.1466359343768078,1.7913747890406029,79.65193459154227,161.9608060598075,29.706552903837416,49.27013517139598,Thermal
P1138,7.44055165210901,0.42007820051789224,147.79200558798863,194.37674434702015,50.43571697384397,19.837380482362303,73.00980847928506,Thermal
P1139,1.3074070506981341,0.4098424558727678,156.09381938487186,0.0,41.2989893699024,26.989635249734043,82.8575252793452,Hydro
P1140,5.682379803812388,2.3284306014197433,76.19491973120064,51.69536196709306,106.59043364946066,34.04653174866555,25.888936358156798,Thermal
P1141,8.921428262847284,6.338043050578786,210.05654506492957,148.85543887908005,102.03550807424072,23.90977052303813,47.517273529158075,Thermal
P1142,0.17755029631631736,2.4808172972727904,87.99555303739785,44.42510261279994,106.93366657481633,20.761830356904575,27.017189460601365,Thermal
P1143,5.553901575596913,0.0,110.04611627772339,81.66602573748138,109.75812791634002,21.7395555570347,21.161473644281852,Thermal
P1144,5.779648382745271,2.5085138718281113,86.15425405729043,0.0,91.07190981460779,19.55183481328806,66.32030778507696,Thermal
P1145,7.3454686153319315,2.454552860504659,101.24632380651741,79.9814968045354,159.5945375440833,21.076190459361484,62.171460937661145,Thermal
P1146,1.2891478673657542,0.0,12.297993048383859,36.899901449681586,35.96384086093937,23.147459507049856,31.411337967042034,Thermal
P1147,1.038630160747171,2.8914102669643755,0.0,119.0010996975904,66.86011900879015,17.97216490410679,36.36689831651449,Thermal
P1148,6.565824696850693,2.538130939582644,227.56040505799777,133.11702360953257,95.8698095940381,25.078091669748016,21.659542755116288,Thermal
P1149,5.890954019699558,4.3924127296268365,32.24309213453378,231.26945494130297,34.2724475538333,29.511385868933235,78.44630439860826,Thermal
P1150,5.751478551037629,6.69791218989069,20.688612043495425,90.5743221249503,92.96582382271716,20.4612190992654,88.2283417233986,Thermal
P1151,6.039344628490927,5.253130059095515,0.0,72.80574216075165,166.45880662912072,32.59641961820884,29.482167575628356,Thermal
P1152,2.9599258352645275,2.4622226188903387,48.88306018483982,63.60690111041352,100.83545953183847,27.553960442637973,36.20326496357087,Thermal
P1153,5.696761091483011,0.7869481825166593,0.0,25.278359503251817,109.22803622874734,30.152902928120287,80.78866667628537,Thermal
P1154,5.879217419896044,8.14671960649972,231.36121281090954,73.69386904231838,49.59340939309679,21.710827230739316,84.85246585693294,Thermal
P1155,2.8569457459208967,3.1184368680289767,180.78536714741074,29.321901290267938,75.34554367842091,29.272626135333077,49.37391679647672,Thermal
P1156,10.59732353343427,3.0278585838258922,44.947972385782094,61.792268338873,84.99214478704252,19.540330498023437,23.54357305883519,Thermal
P1157,6.421498762735363,2.9517498257799932,280.1948644275447,142.23182749255716,87.29139612975064,29.451237504182544,22.757428358497357,Thermal
P1158,1.426089508392054,3.3961695215357097,178.54123895932753,0.0,151.26575180015075,25.859196698967658,60.176490624830734,Thermal
P1159,6.969660825901489,2.711279176152115,74.0134893193102,129.7914992790332,122.30764242900499,27.76625609992392,47.502657622522534,Thermal
P1160,2.075954989318036,1.8526759862395275,0.0,142.19805471379055,55.54168172251872,19.12202697187574,22.005669930435815,Thermal
P1161,7.361253811227356,1.9062821175192157,283.27540580725935,41.73520311062449,109.8601911372802,20.524650788616977,60.827667461878974,Thermal
P1162,8.475786737022212,2.934493459568003,0.0,0.0,119.9288699398714,27.986141091266923,20.791177561231574,Thermal
P1163,2.5379530449448686,1.91315045773247,0.0,7.452460903389728,145.60596154085067,20.258259978878996,75.11603707044911,Thermal
P1164,7.8901283877329655,1.5743084346456713,181.80563456077124,140.78961825927763,163.22162746273494,27.316031460495616,41.450297589236015,Thermal
P1165,6.238342780809495,3.212860455383794,295.18019250714184,48.39923563907825,59.396232326885254,18.16431096769877,22.818060210646248,Thermal
P1166,7.4661804799834695,2.4900455651582893,210.74182548084144,0.0,67.56569955158648,29.24087106333334,61.18465546882073,Thermal
P1167,10.690378947961843,6.007985977165378,145.11272960418876,14.66575551402478,49.69688564341535,18.837383426157455,47.83790901031383,Thermal
P1168,4.263835651991388,0.0,147.58034733322287,108.84340185531872,90.63920563572074,27.761499688397617,88.16602893500047,Thermal
P1169,2.738791506927531,5.1830137038449235,168.27324470242462,88.27134977409655,118.65433497785338,28.128154668230003,58.09390637525915,Thermal
P1170,2.33145671112343,5.492170384995259,160.7142871829412,33.2747530581214,139.49338066356407,21.516140907852126,39.26674267259058,Thermal
P1171,2.552569145103685,0.0,122.49531391755006,24.32229117297187,96.96195905429909,27.910132835423635,69.66072052437823,Thermal
P1172,4.768694871757687,2.3146248118393027,108.33608831615008,22.576929566932467,87.20609906980624,26.30221131666778,39.00444017798979,Thermal
P1173,6.023455924449932,2.257118268008417,94.9925497680382,0.0,106.07031968994961,22.30579071903631,83.29703039852956,Thermal
P1174,5.830072397990057,0.18497661056435755,39.6828328906659,163.07629826286092,66.59428393479908,19.95722657961896,46.23053793551635,Thermal
P1175,7.481549747108072,1.4443666248182494,77.54599385065808,27.437567155206207,183.58154886779093,15.186871541637105,58.49079939433437,Thermal
P1176,5.039005675633721,0.7788483090683425,0.0,135.20109645778476,35.69355891527765,26.748250236498468,23.54011726769602,Thermal
P1177,9.360602231471951,6.504540886847245,92.13282985642,156.4921236345716,107.38962315582899,17.175986143189725,49.82848665665615,Thermal
P1178,4.206029500286132,4.871356786294922,20.91271142792661,119.88176287035722,180.94424876918558,25.47672099720654,78.26544777626964,Thermal
P1179,13.160507499768856,5.543110189988317,11.71285462273832,19.786578109736613,100.27199378239992,23.682758919588753,76.39541637543394,Thermal
P1180,6.877002043295018,4.44334412808647,114.39153209227828,78.26110632356266,92.39843859994022,28.39571387719098,35.70229911974684,Thermal
P1181,2.4285273307511526,0.7418964575655416,211.36018290756795,48.30630755263587,85.70218308758291,23.48977250255068,35.82553497073938,Thermal
P1182,1.7873225058166629,1.9509594674404527,173.46532848018504,0.0,92.78433272950369,23.35276106826454,77.21137185492657,Hydro
P1183,6.4474172457295555,3.9787491224558362,0.0,72.70514972051221,154.91393898706121,28.659353521441478,85.12788941185279,Thermal
P1184,4.329611644022448,0.5557443822161092,20.829749074372998,0.0,20.0,26.675290145420586,26.675264489110248,Thermal
P1185,7.142001482276276,4.425996860344776,175.26169503905726,133.13755719230946,161.337348051853,26.58077978591389,51.50410475983577,Thermal
P1186,6.419712873720634,2.51934920368373,21.401008516935235,17.476789189112488,43.0417139019942,27.34633794904263,43.62179952749602,Thermal
P1187,4.781513262029382,2.250358384900805,82.02934800023803,64.08117591109875,89.3339068306234,17.32213938396447,80.94819188202075,Thermal
P1188,2.459618845794785,4.421919936406983,144.00416792196415,69.83015100822995,82.83022318805352,28.78394339993491,25.846744027601314,Thermal
P1189,0.45545832594240565,3.8885266229720794,22.532443610909183,31.876651840714587,123.5421307908288,28.06234397006801,34.778815979062614,Thermal
P1190,3.660455143798937,2.27806766836184,108.43004049167679,91.06856610326923,36.0750259246501,19.916584357117515,72.67278363105461,Thermal
P1191,7.569196382970417,5.318659606728496,0.0,16.756744036423292,118.4869066432777,23.779597631628995,23.59056942868509,Thermal
P1192,5.642281232390612,0.8378733448002054,51.8905884839029,110.99081082200709,180.9723849314741,24.803463561861843,54.47747665000025,Thermal
P1193,1.262783663864036,4.231871213888527,125.58255473140295,0.0,45.47303981628758,24.327516077991337,50.9474924275804,Thermal
P1194,5.519542777553546,4.186202515936768,0.0,58.84657056824883,107.58824670441582,26.669299832842672,43.40808252921241,Thermal
P1195,6.15595213918651,2.3809071213720197,135.23797903683192,185.72502993407994,73.52071288813563,32.15683390915592,47.620062072324664,Thermal
P1196,2.348427691396601,3.652266044484236,98.4289760858655,0.0,117.03548824772143,30.408833638364143,57.095841085116305,Thermal
P1197,5.461175317836584,0.4977728472293941,144.1991963533718,2.5578520632603983,100.76591109663008,18.43890403284297,31.29571508718682,Thermal
P1198,5.174626155337999,4.848054038413802,117.91313072517292,85.97354947612405,74.34052363822761,28.110349951530242,60.03971147985149,Thermal
P1199,1.571089106508131,2.630195727114022,209.13123439790752,62.570724735771854,119.51489139484296,31.64466659767705,76.38026305099905,Thermal
P1200,6.07336208104485,1.954553958961921,110.01796021183259,74.54410694914914,172.1739243914697,26.934042603446013,73.21126508531114,Thermal
P1201,6.682353579104703,5.098018451673779,65.64755670997977,84.24309911033644,92.36384833090806,30.454902125929834,30.77299332856416,Thermal
P1202,8.249153729525831,1.5913126189144815,109.7838002425827,94.4305027993239,128.79031768592728,35.06135222850382,30.447462881903174,Thermal
P1203,8.161406156104709,0.1830774072728807,143.46384232291103,127.67898893693562,48.26908168515345,30.118547730534907,38.77220574214393,Thermal
P1204,0.8669918961287273,0.0,103.90880562605635,78.68730598499587,61.74254492727965,26.246542978208645,45.275230843872606,Thermal
P1205,2.1865248802546318,4.21201990269128,103.2473352963106,33.11196417670203,118.8962511152151,30.225442370423767,48.59189069859379,Thermal
P1206,6.545105801625979,0.4391412950074338,43.840664975459575,97.0801590841912,159.3646411414386,25.724439165484455,67.57880517833416,Thermal
P1207,6.541357852736626,6.50958836396873,46.96792659592415,182.9917354426651,114.2245339514264,25.119515216424777,23.96763025160848,Thermal
P1208,6.545143058918144,0.0,0.0,40.71563775321985,87.47767877907383,23.242928821431338,22.427089295824647,Thermal
P1209,16.558194471964164,6.392912736580076,239.96613945495514,0.0,99.97165621693416,32.81706679416054,47.43373940607363,Thermal
P1210,6.712671532079501,3.4220349344052368,0.49094116869719073,127.4956468500881,49.9836906412113,20.907856670289995,68.80145844965864,Thermal
P1211,8.406696920541798,2.8065737762592153,44.567584176327415,41.57331852324812,124.18061305421467,32.66183862339058,33.54047400695378,Thermal
P1212,7.8620052904796065,1.9101618263821005,42.52741875446421,0.0,135.29332249293637,27.49932061870186,64.90531368793762,Thermal
P1213,6.954173753917394,3.7982722287041417,171.59395015555532,109.31951740052952,81.91638668667679,18.003469125990293,38.187969655820964,Thermal
P1214,4.054192266078963,2.924730595150303,76.40402573663778,12.527026983225412,81.19831408961994,26.83824646495711,82.02602761694615,Thermal
P1215,7.276907661479802,5.2066037640330425,199.8193658138987,43.66267023870874,110.63512918608194,14.49986746174188,82.69829609866315,Thermal
P1216,2.6815243563872846,3.2284552973240794,46.12075006049052,73.23862313983102,82.53121055837619,28.12754008415518,40.81010429969285,Thermal
P1217,4.289544179779973,3.300603522923755,122.31953297790416,63.33497758453465,97.3546954149671,29.426157414944953,36.09956277742684,Thermal
P1218,3.54390935651269,2.2727755755722883,33.17223573921942,99.66162719973276,183.98887156666063,22.03822022173973,48.79127804463619,Thermal
P1219,5.245622418158968,2.886108752557865,271.61193022187103,19.515954060110964,90.11897197016013,25.617738479777913,36.83721096261041,Thermal
P1220,11.943975700020527,3.6156035377841182,4.992126477638976,85.91740587232579,85.66639391915112,34.77078716875143,67.06686903041926,Thermal
P1221,0.0,0.0,124.78565681816221,31.831732569125798,74.09832777459363,22.471266478690318,77.82452791837999,Thermal
P1222,7.05878057112354,0.30362915578857397,150.70215047456787,101.71673366212521,129.76767885999746,19.705462064716997,67.11644916378519,Thermal
P1223,0.16185238643104505,4.48652818804543,133.10392779611988,93.07572388091374,92.75103307127588,32.40831701231299,77.70453130745446,Thermal
P1224,3.5842044026316997,3.341730876255884,85.17698728978334,0.0,74.02507846714296,34.81293595265397,47.78945135452319,Thermal
P1225,8.266851790902098,2.632033327294642,89.6143440213259,126.01874813225226,152.8521612909205,25.018478359239236,30.942187949620262,Thermal
P1226,5.192840057286388,3.036867866130786,103.50491775832877,12.482558842016637,156.78412018054547,30.05731517704178,71.65656631783145,Thermal
P1227,1.7667656662120814,3.695163410723342,88.23983986972091,106.56404587968015,75.9830573704518,31.707379577654407,45.23321535990877,Thermal
P1228,2.854088872220095,1.920480639381277,177.11032934359278,75.71011193809385,25.338401945575356,21.28757883730808,66.98895776603928,Thermal
P1229,7.038793246804028,1.4433905491953747,276.8418401273081,178.67285737565857,140.3005475934769,22.57347082316066,38.9450759387236,Thermal
P1230,2.8089001048485898,3.391690510195363,55.40065719937331,34.35738123397035,72.61480696959984,31.154372565773674,25.686074436467088,Thermal
P1231,5.649375768745925,1.043254444769936,0.0,25.547824271726174,131.62502396651075,33.425071393542545,89.48072568414344,Thermal
P1232,5.136715519711442,3.816505511428944,92.93743613189962,48.64062758785872,21.195847291526576,27.814404300871775,30.934105555141947,Thermal
P1233,3.045198957182549,0.0,306.3767470123455,28.777415201600718,135.70389353197237,20.60092823248973,89.18946957744367,Thermal
P1234,11.431832267975977,5.058311274651287,35.706034562421536,105.9959331359435,51.55312282876875,34.935305558497205,88.40959527965131,Thermal
P1235,6.901757066954033,3.945194964826086,231.1293444355254,0.0,129.23056476266098,22.345145510940178,75.56726727356278,Thermal
P1236,0.0,3.5120594686277515,234.21606512611527,0.0,100.57092271345736,23.32431109414274,66.15960734573983,Thermal
P1237,5.559362944308283,4.965381967891028,55.712940663360435,0.0,61.84242322413421,26.711689172448107,60.44649351757593,Thermal
P1238,3.014640605694836,6.330948888925153,145.51864633482202,116.5215314381503,83.71854748292878,32.77080210357387,80.62710817644843,Thermal
P1239,7.557300004388672,5.028740130036261,230.27172985028304,169.74293608073475,127.45273827826803,29.269879882761117,40.26076651336416,Thermal
P1240,2.622437784701898,0.0,69.66978072100103,42.688554702377,104.23577812460937,27.074327501809552,52.73768487394139,Thermal
P1241,4.655790675599303,0.4408460665285969,83.71357119181106,38.182479376699256,123.37651921889938,27.31644265059053,63.35729785565513,Thermal
P1242,6.514961836941371,1.7503628446086423,53.4655268841085,54.903651417922696,179.05762338061942,25.21757334321733,48.78333331086438,Thermal
P1243,7.5972655825103645,3.0521821004216676,18.819461544570657,131.33148118257333,37.430335531557944,27.79069757259253,49.924051786318756,Thermal
P1244,1.3991107788326715,4.035318040938246,48.05779639471943,0.0,164.68850299874495,12.352199611528485,43.11992672514591,Thermal
P1245,3.996496292477155,1.5485123736930688,2.0847786590194772,66.68582879143496,104.17423750092851,23.516962704651007,59.496227167917525,Thermal
P1246,3.5751640665171314,3.3735335289541566,102.72667746073809,118.26383408477008,64.04863806707488,26.206609674583905,79.54021696105812,Thermal
P1247,3.040012302278864,1.489234135293355,38.40214151530866,85.07659189578916,46.78745497044041,19.244929581902465,34.1069864604419,Thermal
P1248,10.296362720843291,1.7769643940161035,118.70287294325982,63.27071316191204,92.43518436891866,26.9316165890578,85.4103127127409,Thermal
P1249,6.214945132882867,0.18667780630355546,0.0,120.07322647969988,136.8660044769784,23.97764389506939,68.23613576237608,Thermal
P1250,1.2173481369948647,1.1535335077781914,126.47041857715656,0.0,94.89803518489863,33.77737849157745,77.6291248876021,Thermal
P1251,7.753585841164329,0.29663078876733273,166.682316928714,97.45127236716354,160.4461972098939,32.865098626074285,58.93334848410081,Thermal
P1252,11.3664685910379,1.0482534940453345,0.0,4.214702181080334,41.95297239793764,22.670972154409185,74.56616909968444,Wind
P1253,8.09739578165344,5.107283593215679,129.92452558780576,0.0,99.51644208615782,24.245811442166524,21.134027813762703,Thermal
P1254,0.4418901021379593,1.101202222336114,198.21351939786337,85.78418196674865,49.904262223475236,24.630262171958037,77.28662973456747,Thermal
P1255,3.547297781401246,8.26476412967478,3.228718504703565,146.15609816140704,114.54527530499871,22.741702619201888,22.809720135975656,Thermal
P1256,8.800733447559868,3.9866358017617785,233.80579094701628,40.37860397606157,135.475495603892,25.975124920140633,82.29393634540037,Thermal
P1257,2.876991603143658,3.369672247389748,133.5215207492836,116.70121830420572,83.16952825275787,21.20858965556205,89.43739230670504,Thermal
P1258,6.3314582844386855,1.2832844396375729,43.59905153932729,162.85947805920517,20.0,19.346923325312368,40.58472235237445,Thermal
P1259,7.323902160288011,4.4006197588179825,95.53847378738352,142.04401175088333,107.95792587185979,28.113556119501343,34.72229894000556,Thermal
P1260,2.219208585265751,1.8487243475244521,144.6661530017378,164.7975170559975,117.46954206934038,28.147647921109055,73.57543547006284,Thermal
P1261,4.8214239318146,3.244019629290723,106.08043131299291,101.94892437503245,116.1717901984679,20.978421201700037,37.71184386441773,Thermal
P1262,0.0,8.12016907653759,143.10047939570953,55.28035472311149,149.43128767288616,29.476777153812996,80.58936682205425,Thermal
P1263,1.9268370759971303,2.8078802005507004,26.3461125536507,0.0,57.157852814038044,21.842111354173344,27.19898145102337,Thermal
P1264,4.242295545820519,5.298546652571352,113.54886592288624,32.7756258309036,127.20864421801798,26.265826190189905,28.81686374655508,Thermal
P1265,1.2566504541054515,1.5936471497482252,0.0,0.0,147.700300499119,29.10172006306228,88.5406088570431,Thermal
P1266,9.897233911794906,2.9300230190060765,91.10191509210398,201.96599022484696,28.856496639739333,24.831937176481436,67.16872287890033,Thermal
P1267,0.7095758661181018,6.54160127127102,27.687388682816817,37.68799312973644,112.78607303675909,27.27370456070567,79.2821057100267,Thermal
P1268,3.6798665399090487,1.7460658844244652,41.15760459281867,58.624336474913996,79.83280675969314,22.417851780562142,42.703056414606266,Thermal
P1269,5.392221731858274,6.624897115993857,198.887454016835,88.60397632283272,96.73909307593416,24.017667082859514,67.35386246644231,Thermal
P1270,9.323819867198345,4.415503870910951,187.3048096475415,53.05217124607176,113.90705934153345,23.970702845598296,61.5969279116018,Thermal
P1271,0.6924135464616814,1.8750664482114647,148.73104967257416,168.6535728301527,80.51085743545791,21.267108267298806,62.22050840860629,Thermal
P1272,8.489491256464879,4.264815478111042,12.614978826193678,6.4145446785883635,72.97167683353553,24.11612918442109,67.77727216764052,Thermal
P1273,5.030699183058761,4.9451088992534595,74.68732402441584,63.62252186660699,101.36609669952098,17.256908505681267,60.2751421190369,Thermal
P1274,2.055474046856147,4.243619924434393,197.04781599833467,0.0,56.51016244548789,22.544231264289476,50.03436585118662,Thermal
P1275,6.386310422789812,0.0,111.33735309119238,0.0,56.566994844592585,23.575622533151645,39.31458860663828,Thermal
P1276,5.59717908672041,1.5457256483502628,285.5463631985356,7.176163636630022,127.17493131826014,23.7191012375231,73.80069316392414,Thermal
P1277,3.199349368523616,2.5049627288969907,131.46542715154976,47.40742420661116,54.04823859365376,23.792512770646105,35.83907010022303,Thermal
P1278,5.209406254970057,2.8511331417999073,115.36392931920253,19.948844283791804,126.65250003636848,24.691179000699357,68.46480143080899,Thermal
P1279,3.8440592094147195,4.241344195101356,75.27068286379989,1.530531408830079,118.50365171415805,27.39720759043032,36.33329758545287,Thermal
P1280,5.340552035753744,3.3554020018665076,110.68327238258259,0.0,30.967730848376135,29.372585370662613,63.77311189681177,Thermal
P1281,6.98639202356314,0.32931128257979747,87.8024130895565,44.182609915991364,72.8974139065738,21.751173865758666,72.29547869903203,Thermal
P1282,9.758050448436055,3.7603957020119263,156.64869413508723,0.0,147.76437612189488,18.983995723054278,35.30997222345775,Thermal
P1283,1.2865535035194529,4.221171490567646,176.53618534356673,103.20391745827217,60.753378754412736,19.789777938784486,24.19603106029158,Thermal
P1284,11.3991001239688,4.11958089586208,37.12084315936404,55.77078270541523,81.42382950762449,22.563985394025366,29.168162009592187,Thermal
P1285,0.0,5.161561451109243,0.0,0.0,118.48243573007586,23.240393410917456,62.41978770897178,Solar
P1286,4.54464471489325,4.667844309097808,0.0,28.35536460650956,131.33562037130383,21.150019669012714,79.46124843580148,Thermal
P1287,6.764951619453729,3.9183601584568732,140.6393061530035,0.0,89.93844455822017,18.519416678750527,23.149777486479707,Thermal
P1288,5.8429756032050975,2.859668577082706,11.730671506090118,72.34221572934263,76.09959221233433,22.71939586262906,71.39058813291524,Thermal
P1289,3.1319014405382184,0.0,0.0,143.83153122162014,156.8947944679403,25.907133100569858,43.892305216503644,Thermal
P1290,4.375633248928175,3.859236438265172,131.08628836247712,0.0,169.55598655190317,27.975147329177823,53.496985894366574,Thermal
P1291,3.520997196023502,3.4153753743262225,299.43996139462325,58.0518255403192,139.15432203127182,22.212884734458395,85.02016848918959,Thermal
P1292,3.2319057291673654,3.5431576743907467,99.51432707680853,38.79070431033517,103.41272570260097,22.93501088928283,43.238005331509186,Thermal
P1293,7.548806291063074,0.44650284835938114,167.07926195613135,96.9938053515326,67.66937113436295,20.366508455763444,52.573585375764026,Thermal
P1294,6.071046457895142,0.8378869191834752,106.5463486838052,64.92376397663824,66.78222373773738,24.842804148126117,20.95776903324768,Thermal
P1295,2.9212712142180375,5.1063057066658075,92.08882774470858,0.0,120.90056421063031,20.757856829045927,25.711910400338684,Thermal
P1296,7.698799626299753,2.92088969228669,173.5261186390215,27.66622450333673,116.73592883554736,27.865639066206,38.10141137943488,Thermal
P1297,5.921898562629828,4.363001394745249,76.7780364649079,0.0,156.06394371785717,16.070667540329445,21.94965685747521,Thermal
P1298,7.438586356516881,3.056636752260922,121.39138512575224,125.32049970190188,126.01800370144556,23.20185163773769,64.19627282337757,Thermal
P1299,6.888886525770837,3.0595122789914906,125.73582449568109,51.49181540703596,39.87678792960728,26.50553669595871,49.847884976113576,Thermal
P1300,2.513014967233783,4.876567611951995,46.5527637085561,183.08334800271052,142.07790470891675,25.91917258161252,58.37016419096154,Thermal
P1301,3.319456879409091,1.9679105435652522,179.36338796292182,45.753743032976544,60.07757490742348,38.46516831990248,32.22530301274307,Thermal
P1302,7.241880815369786,3.1922415538819666,86.0032194643673,0.4115263162676044,84.64114912190594,26.749000122839536,40.71524206056313,Thermal
P1303,6.831110796300394,2.075449422589915,39.54038724057242,0.0,110.00800825006777,19.979727015789948,66.46771323969077,Thermal
P1304,4.937295218107556,2.1310075451353687,142.92078748563227,0.0,179.8266995913586,24.522678764554634,87.57119065412799,Thermal
P1305,5.351982149926346,2.3816557530627214,28.122561456717023,0.0,224.39674224021445,16.11876833266774,23.529174152154646,Thermal
P1306,8.832994687365275,3.4442675432674257,102.25449258953026,68.69886557080383,124.26892236544731,24.597001253516197,82.32690245986862,Thermal
P1307,3.22528583349251,2.0425027566730454,99.27048026846371,85.61075162609538,92.67213525118449,20.834719714996208,60.38168409178459,Thermal
P1308,6.641292143510114,5.511512251147042,186.87164526652623,0.0,121.38022593922202,29.57695137780081,59.47436967289366,Thermal
P1309,4.393422042698318,1.2107853955609922,137.97585863039623,112.65268198532809,135.50621703495344,22.252298627022327,55.01949746454322,Thermal
P1310,4.346956390318339,2.626256711677282,97.99784330038848,16.18572638215924,87.17329497771233,24.416170421023768,24.85758601329284,Thermal
P1311,8.296330555961571,2.12053788345165,165.42130393602298,60.27551083898845,171.80845423649288,21.822210792977984,26.29137962153125,Thermal
P1312,7.47624904696409,5.893955768707466,211.21660392138506,162.8554439778797,109.20283036765608,33.69425675926666,62.06384039613603,Thermal
P1313,7.440528908001916,3.3931095530231494,144.62482450814898,112.77875211058723,119.90972356365577,23.39378616941044,43.86710000048908,Thermal
P1314,8.916436421462986,5.063689078937269,100.82820958747045,31.20285464659174,126.63697008217845,34.16278521739601,84.20876466043765,Thermal
P1315,5.063011524898277,0.02887925392605606,0.0,0.0,116.86346442457823,29.070758810591332,48.46133761516306,Thermal
P1316,7.045858913884892,3.5341005317385177,14.790906953970193,0.0,133.5576200187845,27.41033363667693,30.029702109184875,Thermal
P1317,4.069199730219632,4.779261591246874,75.58202365162659,0.0,75.30987253812307,26.8436657365876,70.03031834514252,Thermal
P1318,5.972499057465326,3.1645679785508483,51.23902382725735,35.22088328206139,77.66792984215877,26.968986491081257,40.534739500870685,Thermal
P1319,4.609570836896946,5.130960750130702,85.04229576116433,0.0,55.9938306811322,15.36163710327195,56.78292151491252,Thermal
P1320,5.290987894978155,1.9654230997992557,104.53199399176857,40.812012303538665,117.58004922480906,23.60558302924622,68.8482949853619,Thermal
P1321,6.785471076310741,5.81869488037116,142.37542034853846,55.379631807113775,131.15746014048457,29.225789855921608,83.01848778414492,Thermal
P1322,2.5453379502995825,7.5977962472385006,94.3600977552727,34.2600812734345,118.31091464607543,24.75551408262947,75.45338363611734,Thermal
P1323,11.27716182705638,2.2743228791206818,138.92013150609614,4.499819342357817,166.9796973339015,17.974050765982124,67.34527475109068,Thermal
P1324,1.981947855500894,2.1089949571984565,105.15795318480961,61.80582703767094,99.77615924683813,24.73797774711265,67.57432276766005,Thermal
P1325,1.3574341616368035,5.906768954235401,0.0,80.93584546985863,126.7496662237005,33.520527581277456,86.21472508224606,Thermal
P1326,8.474332620500203,6.159144291461425,24.853168494499656,0.0,56.33196495442743,31.234458577673596,40.70768682475752,Thermal
P1327,7.374988081888808,1.9542799456934634,88.47299554227077,148.7652665822389,84.51601190102396,24.689979953169843,20.077846593733117,Thermal
P1328,6.872359451156465,2.1596263658082853,3.224420572711395,43.098830740101675,127.8215103026311,29.757246385290433,39.03681915787391,Thermal
P1329,6.88503652779284,2.4364307822789857,147.99429839969636,51.31947360613934,133.96408442972574,23.16746489815974,35.252396573872076,Thermal
P1330,4.963259681459256,0.3110989779314459,222.4600665874958,99.57500962795899,88.24132209343271,16.480642065866405,66.32842095797987,Thermal
P1331,2.3082368855425055,1.1626961070316035,197.50094813578534,66.32512918844512,97.13602992567732,20.377670059352226,64.35981198358704,Thermal
P1332,5.227413674581179,0.9917184664958643,82.92457032558336,116.71956437392716,39.28505013276762,32.81444384254099,61.54229678933067,Thermal
P1333,2.968514865463665,1.4644048697917431,219.25809094799615,70.09869156412769,85.71883196773562,23.63003459085348,21.13704102466176,Thermal
P1334,7.925359200253253,2.930630225226438,111.89339657616893,7.1293837751693445,135.61532654079144,23.78308010312491,71.01446381154533,Thermal
P1335,4.558827855493584,3.4684294650730414,73.03312231055685,75.30524676442711,123.00820064426264,23.500809018625596,42.64712887398441,Thermal
P1336,2.5235084096224654,6.101000985628154,50.92778691672482,0.0,120.02662885524839,34.52068294786503,66.55391923046417,Thermal
P1337,4.03584247504102,1.003291918522418,75.80242508094973,57.59917940435662,101.9909474872384,33.12979457681031,58.96048999515073,Thermal
P1338,6.238794362826873,4.968644796953168,68.9458545167017,47.673900654887746,100.28252634512705,36.09390116724067,43.9911647799535,Thermal
P1339,3.308826341588076,2.572022311548982,113.63329779003902,35.43181999092222,73.58715442106211,24.204773947999744,29.42033869728754,Thermal
P1340,2.5333388133007055,2.9010725806951343,112.84591848398917,41.00237419927485,127.95313680810139,26.478122443735476,26.609322836233666,Thermal
P1341,5.731061634475737,4.3496389843332075,100.24368161227316,0.0,116.8389177755756,17.416787252896043,78.20628331785565,Thermal
P1342,5.734899713326168,0.7545559568754028,134.955053579708,11.589256458132695,119.68075391971198,32.38467213059137,84.28782794570905,Thermal
P1343,3.4791704738866107,3.764819492368101,195.25170198290732,56.49914307987803,78.95860629329678,19.161102243660324,65.48516327350097,Thermal
P1344,3.586885083145032,3.3329044164261123,175.9643308353059,61.18994743981803,20.0,26.083877818813146,27.240388040233835,Thermal
P1345,5.696149812072909,3.984902528016298,0.0,0.0,143.88610847014783,19.51348736183578,48.14190518217685,Thermal
P1346,0.6557469755080279,3.578337287815636,0.0,138.59954886052904,80.84650175966384,22.05566586630652,71.025744007361,Thermal
P1347,0.7776086768703347,7.9106002798217885,174.7455928991419,0.0,65.48896943827518,20.8136878447515,74.58746188070477,Thermal
P1348,2.8446673362426917,1.724520031497368,0.0,117.86200403687158,127.73915647655974,21.96062369662091,28.2753035603762,Thermal
P1349,4.359658544864458,1.9380060899963647,82.01876784858531,79.90360533101794,84.31949440323481,22.304386484255108,20.00215031917677,Thermal
P1350,5.932722696794014,1.7537189471504713,6.390957915251235,4.764088310933786,142.39745536186487,22.258656025374613,69.84959321164234,Thermal
P1351,9.426068650848656,1.8890457616794907,0.0,174.27176248266585,124.6802379830679,29.166669558901535,44.9617323190344,Thermal
P1352,7.572978869606058,1.7252257453869646,143.31701825638305,0.0,127.3427729280191,19.4756860346874,37.81369321327821,Thermal
P1353,4.520184410109719,5.378033062215104,160.73241282421174,114.3407921527001,45.36177155197863,26.102707135069334,20.90282288526678,Thermal
P1354,4.9429513762919335,5.841008495979709,53.87916794186245,120.04076226300847,148.47775941545603,31.089795761527792,57.82095847330498,Thermal
P1355,1.9924119060865735,1.8585074125010475,0.0,3.0565853646348558,110.45002124935424,22.43401817743302,79.58055147981872,Thermal
P1356,4.94446059202283,1.3352888537915426,56.30044413980138,147.472571004503,85.22891443015187,21.41040554626199,87.03421523908115,Thermal
P1357,4.134024083239585,3.942831112772808,131.34432043220372,32.496743978073305,105.73553869369005,23.847376874098746,59.60214654293024,Thermal
P1358,5.968155681014268,1.8955539114380575,0.0,70.20855404958999,28.95059068406721,30.898626041803553,56.012292941792595,Thermal
P1359,2.5183071693430312,4.265863635511021,114.66879358233246,68.22252871398545,116.34611245922683,25.97053815476679,25.953946984246876,Thermal
P1360,6.558039542723517,3.4058460417025995,98.77521206616035,40.59838809706165,58.825139672717135,22.343928526962006,58.42109610798198,Thermal
P1361,9.598216739007732,0.0,146.3433199680871,106.75657912118476,45.89318856625862,27.419383255940197,46.598535527577624,Thermal
P1362,4.673719554629427,6.095010402660123,109.56642947313226,105.54421043865491,39.10563255128436,19.488539250817883,62.499469661850384,Thermal
P1363,6.205135166296825,6.591755346191043,22.154484729475556,0.0,144.507534999597,28.40679755221474,47.21084435135827,Thermal
P1364,7.070431975133338,1.7744226190312276,195.7257201331593,141.3038170014707,74.82946425228846,27.043036538508836,36.82093864152567,Thermal
P1365,3.7963385843424913,2.224596880128032,87.3176341578424,0.0,161.34910839665997,23.46095764430558,26.647569265986355,Thermal
P1366,5.67227744543125,3.57173078144981,97.81563683920545,122.27823430391601,78.56794147790808,20.807071007763845,42.0442911212227,Thermal
P1367,5.037777202345384,3.66891357997405,25.33856327414432,128.86935957793082,31.705681696282127,20.566595388582712,26.76513840014266,Thermal
P1368,5.293028295646495,4.317088545345661,64.53741990467918,0.0,55.33902240205364,27.674086681729552,32.38278655767888,Thermal
P1369,2.6809706484336004,7.020409077532699,29.21578287784793,21.242999843179064,149.43246480027756,31.14490251244531,89.11353110056821,Thermal
P1370,5.073530522776828,2.6461055450119013,86.16431520612616,0.0,93.7640728825333,21.813461264856027,51.087248983463304,Thermal
P1371,6.49399487373635,1.4034055109230925,236.93667841138748,34.95552787978853,78.06850814037597,27.29193351775742,57.23102365535116,Thermal
P1372,9.353430823385125,0.24136154397094556,0.0,28.43760010699811,106.4007290341115,14.564864906989657,81.15329701160508,Thermal
P1373,7.8778124782556205,1.5381399201161619,0.0,104.57623725885378,120.0713094467018,22.076911346714002,89.68982303434815,Thermal
P1374,11.459547372534669,2.933746054252406,217.69362619948868,141.72161222837258,144.69595263609844,24.84470533564549,60.79001145412771,Thermal
P1375,2.6979573113358515,6.589115727035575,83.25410582785071,147.69786675529693,157.93996919571705,20.45158291509083,76.87316747309202,Thermal
P1376,7.6169619101620345,1.9647774019276572,46.47418090720667,10.648238139518853,85.60925416843656,20.31746812605202,42.88587170356727,Thermal
P1377,5.550026017215055,3.447575903277797,183.1923749916861,35.354468837883054,46.95809255671847,21.661102217655568,41.402077021310376,Thermal
P1378,11.569408799653017,2.9671542078544957,51.55075682105087,0.0,83.46139355506895,26.460963641631867,48.189260469619214,Thermal
P1379,2.575105143934546,5.376786546896168,246.0807770837549,0.0,110.41122026331544,24.063354907968126,67.07550838715544,Thermal
P1380,2.480834473457672,8.053864851747242,154.23406970714154,117.53961431682202,61.44964295157556,13.808843833375139,67.75341824785691,Thermal
P1381,3.2018220636679335,1.9382624541593587,60.96708734834379,163.09079764837622,61.71396340419828,14.396499236824669,42.06676042546155,Thermal
P1382,0.0,2.021121114963556,272.58465706124025,0.0,113.75151526199542,21.965674110714122,29.32469468956401,Hydro
P1383,3.4227349349577167,5.0883217541381445,51.542806159732926,8.527501859297402,98.05390593718195,27.28843293026776,64.2677379525856,Thermal
P1384,2.7226020153389063,4.363782979252623,159.36762976074456,48.15159701287511,101.31187981646346,11.262475786373827,28.982810353213516,Thermal
P1385,5.451181359428623,6.693414651472067,123.94340643251935,69.61128111737247,69.66018661199722,22.501349119241848,60.494475576053105,Thermal
P1386,6.025267927331479,4.167856370651927,204.13930315190385,0.0,90.7839714317693,22.368760717412894,68.53954896394163,Thermal
P1387,10.628512517647659,2.281415818425881,224.9208957381482,79.68427311248628,63.030674229267824,31.94168889104224,69.04280474761161,Thermal
P1388,7.851271514558151,4.181309661384619,102.56033192526132,16.83124570503587,135.60793644499148,23.074890941435683,72.74304774617177,Thermal
P1389,3.269289033012791,5.2174071611658155,39.726570372305325,48.98834103852046,141.4099733889501,26.914944923704642,81.10015950959652,Thermal
P1390,2.3047559859549263,4.640964362394728,136.7977714351293,88.23989736025896,26.152485510476254,25.706285700437316,54.99712943753519,Thermal
P1391,6.475757514519517,4.014548062214596,45.78277041983151,50.449558886765644,62.8195655923036,14.347167600963997,71.11744326706997,Thermal
P1392,1.0393003789380737,5.133349379178307,261.07097980212984,19.452987663140195,40.138829796396834,28.841036083158688,63.34209147560857,Thermal
P1393,10.494376297563061,5.3385911808913455,110.92282648661899,42.32731372519184,73.99904262372408,26.07698252728144,33.06479578583778,Thermal
P1394,8.538320362163862,5.764317982075054,70.77427589503131,43.81459285562653,96.66248120838557,27.54134319837295,21.79827514085857,Thermal
P1395,3.5924730436858856,4.297419775179286,114.77442446919267,24.099227908251063,42.0141912120588,44.63118853218163,39.91789699738536,Thermal
P1396,0.0,2.6657638393662912,0.0,31.884275613302833,63.125607474987476,14.579435302507058,51.01235944363336,Thermal
P1397,9.061617122496239,3.2934273728666454,22.27087691914788,161.9053019353302,59.84170511674006,33.62348324880554,63.19741611000594,Thermal
P1398,4.6563804642421465,5.413017933016714,196.03311263555403,89.2643613558867,108.29069317595776,23.56276240299822,79.49715313522438,Thermal
P1399,8.713448935920386,1.3661286580255279,47.44845768228834,29.316377737958774,102.77377348145002,26.436644522015047,33.737200169431595,Thermal
P1400,0.2167170236168987,3.7373466177458026,16.247121385444828,98.7868083157515,71.13049786650987,24.77243877349379,28.788485292893398,Thermal
P1401,3.2018749311386814,2.2133223753452786,142.9322202021829,26.632635717079303,107.07283488557592,22.878818333009782,87.44359632320293,Thermal
P1402,5.015731099154549,3.057489645869635,194.85633237303975,132.11872463106488,78.13279661650938,22.150835358806205,27.5631191563485,Thermal
P1403,5.140941781294226,5.556903725214598,157.51626485320534,75.87495345386657,89.13379558695787,26.647543677865045,53.49437490750324,Thermal
P1404,3.6498035855622692,3.382198136039807,179.68381486446532,42.48884991970398,166.93808361194147,17.414131516641604,60.989461015531134,Thermal
P1405,6.868549797042496,3.0928730963122977,39.45639291444314,81.34018480671944,153.6184420716139,28.75289583760883,57.89620946352068,Thermal
P1406,1.7971387118522166,0.2802877180401615,0.0,0.0,48.016750522896096,22.91902797557373,26.022250992306024,Thermal
P1407,4.57286154493612,4.492507132054442,220.10669215643895,0.0,133.189296715167,19.34965330479821,23.991883980253355,Thermal
P1408,5.360886895135697,4.29096836228215,74.18561289262914,0.0,132.45586217966368,22.74993571002093,27.383839922272497,Thermal
P1409,6.543316502176247,7.32650944661092,79.93335868359621,60.006016633459474,54.06946844989527,31.285746084312862,60.99113787108288,Thermal
P1410,7.13484463426667,2.384443530093998,206.25553134792463,171.27604996395644,132.75110575019443,22.323324564918885,58.10414213440248,Thermal
P1411,1.6260737244863925,3.438300655327878,144.4984007520528,206.19101023348426,161.5172767365021,26.7922680910481,36.36185544257209,Thermal
P1412,0.3976574877931327,3.4987673674215105,136.47102176652862,94.663577100853,55.098207750223445,21.34521862142263,64.64418992919141,Thermal
P1413,8.833030465695527,6.154906559526949,273.2001875920867,85.05911324611199,63.29988715942945,28.7896092496181,77.40472514389546,Thermal
P1414,5.996942035938775,2.809408935226096,48.518541569588564,0.0,140.7064586737401,28.42753869395102,22.910527189261565,Thermal
P1415,2.754540390330339,3.5580430515406785,174.22721024649897,12.012834018618477,110.85981243302592,34.24304416648206,54.86909604836297,Thermal
P1416,9.653455926567569,4.215793019433079,104.56104999176677,0.0,122.05905100958093,24.122180272503922,68.25172884718832,Thermal
P1417,5.3470239028785755,3.373218246312716,121.48738230906055,6.540668122421877,113.62356865601987,28.343274023789533,37.6618348948781,Thermal
P1418,8.537891552191478,2.1071327708989434,222.27747411300254,38.229932699064726,115.62783683712577,25.490337697694724,41.54396337052044,Thermal
P1419,5.202555444230327,3.388179985796615,140.6268605031699,16.953659561201086,46.94111486755668,31.47935890931507,62.95465320925687,Thermal
P1420,11.182243774645961,5.1472634997195446,143.06368632397064,0.0,141.89270826485793,21.40583806195635,82.85547054106158,Thermal
P1421,10.266022527329614,0.9469694011778795,185.80058698478416,102.35371792822737,146.78359969711096,28.725026564386404,76.69470942120296,Thermal
P1422,4.25310755456278,3.265939348293752,70.80378163656917,0.0,90.82437023727888,24.026513519416593,60.819115336970846,Thermal
P1423,7.914712852863066,1.5997583701216536,32.86322661287949,66.74728048778047,98.2609220074455,24.679059114457512,71.11552024300744,Thermal
P1424,6.936127848755443,5.390093257849685,16.41526447831731,195.18578688249815,38.755699897771116,25.458762422241865,45.537572914545905,Thermal
P1425,9.105894672597046,0.0,0.0,0.0,120.5701902407134,26.261201982133386,64.86758696691304,Wind
P1426,2.1052296182596866,1.8821563054568233,264.4965703952258,0.0,122.88229766856577,24.41885478439021,52.63271137892899,Hydro
P1427,7.058154379995318,3.7544237501290416,11.743330742265357,29.979704468392242,97.51235932002756,26.073565915852633,33.295529552029265,Thermal
P1428,8.175273460548762,6.13104805846868,82.29971011313825,127.06717444989998,144.9741343948201,32.89059028781092,69.121679171408,Thermal
P1429,0.0,2.8684994778540243,77.85493600888634,187.08432179544158,86.63691076080238,29.92724842807609,58.95252461441754,Thermal
P1430,1.4502244620026747,1.8896009466136032,124.59253582472806,0.0,122.58423703574401,29.34577296248448,45.103510736751396,Thermal
P1431,0.0,6.76231413888118,165.25897700314374,84.76894562655653,59.213426452315375,22.722302369880648,83.79374330550415,Thermal
P1432,4.191779496666326,0.10397219916751199,168.8378790687796,17.428268025396264,99.05791396503048,20.55379585885838,21.465388247871328,Thermal
P1433,7.152626767387887,0.0,53.353804914484925,42.583615198710504,93.02582968388657,29.776502791188765,42.10412058746472,Thermal
P1434,9.507071156288085,3.880028900106665,86.63026289708708,235.10403429119242,109.01231688163766,29.380233962648973,23.98169784443526,Thermal
P1435,5.222284341259326,1.9958915512947777,122.60639603906398,0.0,85.21892284666566,32.36335337875491,73.65691213551389,Thermal
P1436,9.885846636713875,0.9575343657385735,80.10470990531624,67.76177630462014,94.74109617313329,21.98009687015385,69.14752178796547,Thermal
P1437,0.8596956253553261,4.416712894598707,228.58764608159942,82.73852202358032,133.04188685766024,23.852256723198266,43.19465531154219,Thermal
P1438,0.0,3.4876014275423977,139.2779961310601,126.0050427457543,82.5294305104713,16.802579187372828,67.29640315449511,Thermal
P1439,4.833356903310143,1.8718427385265433,158.7902228839854,56.85882074296268,35.73691597045283,23.037644469695636,47.71560583371649,Thermal
P1440,6.152196346817922,0.4393912026582112,153.03050149339302,71.56353776528717,169.98335616821683,29.982852552897235,72.9377653995704,Thermal
P1441,4.901915755717721,4.744914656560289,193.877908598826,22.58460028047462,155.25816314761946,22.66752310385901,51.79285639156943,Thermal
P1442,0.0,4.300402355917322,114.48172469629655,68.83888588715752,48.309492195775256,28.20239897600412,48.85958094821659,Thermal
P1443,4.732639881461635,2.801648272441234,0.0,25.976540715181265,127.58831220980778,24.047484470010943,85.43109408418107,Thermal
P1444,1.0865914984854403,6.693273992095332,131.97503614021133,93.51003228992356,79.88100917794628,26.620285141107804,37.56153699234902,Thermal
P1445,7.009017646490115,0.8598304673476949,47.89144849665368,24.12727647694562,110.53948861324238,19.261543050921663,28.43131379975958,Thermal
P1446,6.099794738290544,0.0,57.710665460019456,76.39702757315305,111.76896516053975,25.426047248169507,60.91801792816207,Thermal
P1447,2.180360641017934,1.6161838602375111,146.90912150040745,47.95160304205152,90.62368798734713,10.044320145496384,87.85252685989252,Thermal
P1448,3.4583992479899193,2.9088279672890045,199.06264571469086,128.82351755405176,68.64937337654413,24.065519209190075,46.44874496090307,Thermal
P1449,1.822359434333145,3.486678898645384,101.70172613888494,46.40243934880596,72.37835790734962,16.8476337814243,24.342573454014705,Thermal
P1450,4.811962708180484,2.51752788428734,124.7066410079171,0.0,63.3523233807503,31.029972582734082,43.75136871166972,Thermal
P1451,7.865426961503715,3.7041107930285935,236.17719557081904,138.3345050499794,66.72711167078221,28.887036763822557,55.41521580236909,Thermal
P1452,2.042821860993369,0.4969211516191119,119.26025435908547,0.0,97.31286839802578,27.333354909830405,31.334610464254958,Thermal
P1453,6.512139546553533,5.887529208146519,308.1346491344316,4.236356294582613,71.36960043556994,32.6050311357969,66.06715526395445,Thermal
P1454,3.409227144882678,2.8356976432148624,145.24077165052353,8.303709416955556,127.2820826285048,20.255417395875813,89.84245723071405,Thermal
P1455,2.6213815032129677,5.234591663176255,0.0,146.2106665219572,159.4898462134371,33.73681598957779,51.62176331870107,Thermal
P1456,4.678908920136326,3.685450692755408,160.2673296883626,0.0,76.79787034519828,29.660957821301924,44.83099897111488,Thermal
P1457,1.8942730327418777,3.913506438307568,130.4926707906222,269.6423973561996,109.57618002141508,23.81722356390527,48.049291678412665,Thermal
P1458,3.339052083958454,4.139534560464408,203.18022032661963,123.92397663462363,119.98740441211736,30.67810073591472,28.06023248766408,Thermal
P1459,1.4063663222334544,3.89541712003463,153.85450810159668,65.62672398904118,118.88009083677098,19.46853243794183,81.82915209983567,Thermal
P1460,10.894175398749168,4.285445519735088,88.9235212812981,46.157419956859954,103.03821071664349,20.87742919236163,49.037795886494635,Thermal
P1461,5.105790655915186,5.658305060264863,2.0561410968507374,69.98878524003598,129.7072967343889,21.9570513838015,47.109208799738894,Thermal
P1462,2.9008234760222433,3.3930423394029403,83.27813941711798,86.47856998655368,119.28995810722628,22.355111459679925,66.1783191051332,Thermal
P1463,5.641939732202666,4.418007515177025,31.958363663255994,95.165091016504,50.493503106908086,19.717211786198735,50.94233946517865,Thermal
P1464,4.66301585092751,2.8205286114255466,53.558124015622184,88.8923126202414,134.7662425755709,31.115415335476627,65.37634281654923,Thermal
P1465,4.337091201400331,5.880234430898946,147.08627235364878,56.27064768786742,135.4916334906697,23.70572799815084,24.301240309155126,Thermal
P1466,6.842500100130276,1.6472153958814606,233.5923603481125,36.18631057848717,69.46855583285674,26.762524841784398,76.96063406055592,Thermal
P1467,7.2725231301419155,6.601880865821631,131.5737223858385,39.41087014425418,101.51751341790408,22.148243167931597,85.83527670155819,Thermal
P1468,3.4084965571684176,2.919684098711313,4.329355037185252,36.356420375312325,127.33315971244278,15.896983497257414,65.41357703115702,Thermal
P1469,3.27254527806596,0.1384497957639037,135.56821345761125,129.36390678069452,91.62744721682554,26.35028679195711,86.81961502011676,Thermal
P1470,4.174844908545068,3.2562088298215786,195.73051893165209,91.54897055966033,142.91912191064046,15.438725122901115,30.60026200589743,Thermal
P1471,0.0,1.6378966850502383,51.217367654449426,0.0,194.55489978477442,24.656829769572656,53.41913326362476,Thermal
P1472,0.45442681340434277,4.681287097977448,89.27862666616659,95.91305435708327,68.5605586946007,18.15842480583595,62.12647137618131,Thermal
P1473,9.100622802333575,1.6947520413952182,101.17505557833577,63.63153363031424,44.758215873849004,34.93637999615404,60.72156531948307,Thermal
P1474,9.93490314050385,2.107633133570441,37.208134953420796,48.69038704878718,112.15274382419503,29.556813610873608,48.10232453623303,Thermal
P1475,4.252891881330865,0.0,151.86243470750873,22.803708283777993,128.86250020504573,25.528768956357403,43.6659086556383,Thermal
P1476,6.729670889167299,2.095387361501847,90.32414811137747,128.68789039902094,90.76534504620923,31.318533388273345,28.877681578529316,Thermal
P1477,5.933750463630608,0.0,133.5625955125622,116.32685234860006,158.13042653284137,20.768420112671322,47.421971539359475,Thermal
P1478,14.236642425365712,0.0,29.000625775831992,0.0,46.45576801107005,27.717396893350465,31.386257057383958,Thermal
P1479,8.358724734303731,4.520829312288595,65.00333597412717,78.49366009871746,127.71674492126445,25.99905216859357,71.4055973544553,Thermal
P1480,4.6162472255577,4.571600317301664,157.7905086262217,0.0,75.76556716964427,26.32010040666835,34.6181654846213,Thermal
P1481,2.1333786781987225,3.8509151235699295,70.17334783265864,0.0,168.77511624829185,31.361767500533837,24.09957136991737,Thermal
P1482,0.1806610392272825,1.066047713741574,238.1571080986724,6.129794278702441,179.70061412672473,28.66246051389901,58.6656296472064,Hydro
P1483,5.610390907601669,2.90457728771604,68.02910515083181,110.3675430667931,69.33373648866609,26.443618314125118,61.666081290358115,Thermal
P1484,2.73094776414709,2.992794921818863,117.97477806015087,116.71875317632606,78.0177145636568,16.72556281885852,81.03391428963539,Thermal
P1485,0.7332388712069777,0.6832706216149145,174.6072665498472,85.91597940681051,134.38351547919208,20.199768523602682,60.38871286923773,Thermal
P1486,3.0602813472724204,6.006796603534301,0.0,100.75670507935979,84.51477400841941,24.38645533202138,44.183659760641206,Thermal
P1487,1.755355989156815,4.7547245811513426,0.0,86.1324800980471,98.18355128271047,25.466861871383255,76.21083170684244,Thermal
P1488,10.061424905217695,2.558071652340672,0.0,5.096288334393343,101.0155368216964,19.34898137663038,57.819522523119474,Thermal
P1489,7.6449192708483515,3.0537716779890616,201.00672827417458,80.23457812717584,23.21307375209375,37.058383377892106,25.54961992418342,Thermal
P1490,4.976082076050148,3.416765615895105,55.85134832860426,106.02866676593776,99.44649015623051,32.58197027626787,59.609539221927264,Thermal
P1491,9.439832416670077,0.0,304.65594285346015,102.80039308695021,72.41088903743304,28.010591601962417,83.56129817951637,Thermal
P1492,5.232104922942855,2.505645234958806,54.86019210740891,133.223936003225,80.27508710400912,25.360184306418724,47.74188378487544,Thermal
P1493,2.416147396015209,1.636031504004403,114.76410425576296,99.58126930407445,157.74528013875255,23.93895515049424,40.742806132986004,Thermal
P1494,9.569372231808972,0.996759980210169,223.36879620543004,74.6013745279108,49.73972422882974,20.24040769988882,30.042861991261404,Thermal
P1495,6.616730131053976,2.43779941422809,260.48743105272985,124.91051668214992,132.5282074699191,25.387402592594313,30.601186535475012,Thermal
P1496,1.8882615370206306,6.595373053699046,264.9202861309118,48.143511852565794,88.84148278672765,26.288762700713754,50.29400390392732,Thermal
P1497,4.428983965749175,4.28168572253402,196.6692984474514,0.0,88.80959326016662,18.79119712259188,61.69758769130707,Thermal
P1498,2.3731452398457282,1.8576420204344064,181.925002064917,38.58531252393653,131.61487584206844,26.670882086224488,25.64307836187212,Thermal
P1499,0.8516008071069923,4.145165562712317,147.40215593609463,0.0,113.60205178275562,24.223704755876255,85.7698012317616,Thermal
